Type,SYMBOL
Large,20MICRONS.NS
Large,21STCENMGM.NS
Large,360ONE.NS
Large,3IINFOLTD.NS
Large,3MINDIA.NS
Large,3PLAND.NS
Large,4THDIM.NS
Large,5PAISA.NS
Large,63MOONS.NS
Large,A2ZINFRA.NS
Large,AAATECH.NS
Large,AAKASH.NS
Large,AAREYDRUGS.NS
Large,AARON.NS
Large,AARTIDRUGS.NS
Large,AARTIIND.NS
Large,AARTIPHARM.NS
Large,AARTISURF.NS
Large,AARVEEDEN.NS
Large,AARVI.NS
Large,AAVAS.NS
Large,ABAN.NS
Large,ABB.NS
Large,ABBOTINDIA.NS
Large,ABCAPITAL.NS
Large,ABFRL.NS
Large,ABMINTLLTD.NS
Large,ABSLAMC.NS
Large,ACC.NS
Large,ACCELYA.NS
Large,ACCURACY.NS
Large,ACE.NS
Large,ACEINTEG.NS
Large,ACI.NS
Large,ACL.NS
Large,ADANIENT.NS
Large,ADANIGREEN.NS
Large,ADANIPORTS.NS
Large,ADANIPOWER.NS
Large,ADANITRANS.NS
Large,ADFFOODS.NS
Large,ADL.NS
Large,ADORWELD.NS
Large,ADROITINFO.NS
Large,ADSL.NS
Large,ADVANIHOTR.NS
Large,ADVENZYMES.NS
Large,AEGISCHEM.NS
Large,AETHER.NS
Large,AFFLE.NS
Large,AGARIND.NS
Large,AGI.NS
Large,AGRITECH.NS
Large,AGROPHOS.NS
Large,AGSTRA.NS
Large,AHL.NS
Large,AHLADA.NS
Large,AHLEAST.NS
Large,AHLUCONT.NS
Large,AIAENG.NS
Large,AIRAN.NS
Large,AIROLAM.NS
Large,AJANTPHARM.NS
Large,AJMERA.NS
Large,AJOONI.NS
Large,AKASH.NS
Large,AKG.NS
Large,AKI.NS
Large,AKSHAR.NS
Large,AKSHARCHEM.NS
Large,AKSHOPTFBR.NS
Large,AKZOINDIA.NS
Large,ALANKIT.NS
Large,ALBERTDAVD.NS
Large,ALEMBICLTD.NS
Large,ALICON.NS
Large,ALKALI.NS
Large,ALKEM.NS
Large,ALKYLAMINE.NS
Large,ALLCARGO.NS
Large,ALLSEC.NS
Large,ALMONDZ.NS
Large,ALOKINDS.NS
Large,ALPA.NS
Large,ALPHAGEO.NS
Large,ALPSINDUS.NS
Large,AMARAJABAT.NS
Large,AMBER.NS
Large,AMBICAAGAR.NS
Large,AMBIKCO.NS
Large,AMBUJACEM.NS
Large,AMDIND.NS
Large,AMIORG.NS
Large,AMJLAND.NS
Large,AMRUTANJAN.NS
Large,ANANDRATHI.NS
Large,ANANTRAJ.NS
Large,ANDHRAPAP.NS
Large,ANDHRSUGAR.NS
Large,ANDREWYU.NS
Large,ANGELONE.NS
Large,ANIKINDS.NS
Large,ANKITMETAL.NS
Large,ANMOL.NS
Large,ANSALAPI.NS
Large,ANTGRAPHIC.NS
Large,ANUP.NS
Large,ANURAS.NS
Large,APARINDS.NS
Large,APCL.NS
Large,APCOTEXIND.NS
Large,APEX.NS
Large,APLAPOLLO.NS
Large,APLLTD.NS
Large,APOLLO.NS
Large,APOLLOHOSP.NS
Large,APOLLOPIPE.NS
Large,APOLLOTYRE.NS
Large,APOLSINHOT.NS
Large,APTECHT.NS
Large,APTUS.NS
Large,ARCHIDPLY.NS
Large,ARCHIES.NS
Large,ARENTERP.NS
Large,ARIES.NS
Large,ARIHANTCAP.NS
Large,ARIHANTSUP.NS
Large,ARMANFIN.NS
Large,AROGRANITE.NS
Large,ARROWGREEN.NS
Large,ARSHIYA.NS
Large,ARSSINFRA.NS
Large,ARTEMISMED.NS
Large,ARTNIRMAN.NS
Large,ARVEE.NS
Large,ARVIND.NS
Large,ARVINDFASN.NS
Large,ARVSMART.NS
Large,ASAHIINDIA.NS
Large,ASAHISONG.NS
Large,ASAL.NS
Large,ASALCBR.NS
Large,ASHAPURMIN.NS
Large,ASHIANA.NS
Large,ASHIMASYN.NS
Large,ASHOKA.NS
Large,ASHOKLEY.NS
Large,ASIANENE.NS
Large,ASIANHOTNR.NS
Large,ASIANPAINT.NS
Large,ASIANTILES.NS
Large,ASMS.NS
Large,ASPINWALL.NS
Large,ASTEC.NS
Large,ASTERDM.NS
Large,ASTRAL.NS
Large,ASTRAMICRO.NS
Large,ASTRAZEN.NS
Large,ASTRON.NS
Large,ATALREAL.NS
Large,ATAM.NS
Large,ATFL.NS
Large,ATGL.NS
Large,ATLANTA.NS
Large,ATUL.NS
Large,ATULAUTO.NS
Large,AUBANK.NS
Large,AURIONPRO.NS
Large,AUROPHARMA.NS
Large,AURUM.NS
Large,AUSOMENT.NS
Large,AUTOAXLES.NS
Large,AUTOIND.NS
Large,AVADHSUGAR.NS
Large,AVALON.NS
Large,AVANTIFEED.NS
Large,AVG.NS
Large,AVONMORE.NS
Large,AVROIND.NS
Large,AVTNPL.NS
Large,AWHCL.NS
Large,AWL.NS
Large,AXISBANK.NS
Large,AXISCADES.NS
Large,AXITA.NS
Large,AYMSYNTEX.NS
Large,BAGFILMS.NS
Large,BAIDFIN.NS
Large,BAJAJ-AUTO.NS
Large,BAJAJCON.NS
Large,BAJAJELEC.NS
Large,BAJAJFINSV.NS
Large,BAJAJHCARE.NS
Large,BAJAJHIND.NS
Large,BAJAJHLDNG.NS
Large,BAJFINANCE.NS
Large,BALAJITELE.NS
Large,BALAMINES.NS
Large,BALAXI.NS
Large,BALKRISHNA.NS
Large,BALKRISIND.NS
Large,BALMLAWRIE.NS
Large,BALPHARMA.NS
Large,BALRAMCHIN.NS
Large,BANARBEADS.NS
Large,BANARISUG.NS
Large,BANCOINDIA.NS
Large,BANDHANBNK.NS
Large,BANG.NS
Large,BANKA.NS
Large,BANKBARODA.NS
Large,BANKINDIA.NS
Large,BANSWRAS.NS
Large,BARBEQUE.NS
Large,BASF.NS
Large,BASML.NS
Large,BATAINDIA.NS
Large,BAYERCROP.NS
Large,BBL.NS
Large,BBOX.NS
Large,BBTC.NS
Large,BBTCL.NS
Large,BCG.NS
Large,BCLIND.NS
Large,BCONCEPTS.NS
Large,BDL.NS
Large,BEARDSELL.NS
Large,BECTORFOOD.NS
Large,BEDMUTHA.NS
Large,BEL.NS
Large,BEML.NS
Large,BEPL.NS
Large,BERGEPAINT.NS
Large,BESTAGRO.NS
Large,BFINVEST.NS
Large,BFUTILITIE.NS
Large,BGRENERGY.NS
Large,BHAGCHEM.NS
Large,BHAGERIA.NS
Large,BHAGYANGR.NS
Large,BHANDARI.NS
Large,BHARATFORG.NS
Large,BHARATGEAR.NS
Large,BHARATRAS.NS
Large,BHARATWIRE.NS
Large,BHARTIARTL.NS
Large,BHEL.NS
Large,BIGBLOC.NS
Large,BIKAJI.NS
Large,BIL.NS
Large,BINANIIND.NS
Large,BIOCON.NS
Large,BIOFILCHEM.NS
Large,BIRLACABLE.NS
Large,BIRLACORPN.NS
Large,BIRLAMONEY.NS
Large,BIRLATYRE.NS
Large,BKMINDST.NS
Large,BLAL.NS
Large,BLBLIMITED.NS
Large,BLISSGVS.NS
Large,BLKASHYAP.NS
Large,BLS.NS
Large,BLUECHIP.NS
Large,BLUECOAST.NS
Large,BLUEDART.NS
Large,BLUESTARCO.NS
Large,BODALCHEM.NS
Large,BOHRAIND.NS
Large,BOMDYEING.NS
Large,BOROLTD.NS
Large,BORORENEW.NS
Large,BOSCHLTD.NS
Large,BPCL.NS
Large,BPL.NS
Large,BRIGADE.NS
Large,BRITANNIA.NS
Large,BRNL.NS
Large,BROOKS.NS
Large,BSE.NS
Large,BSHSL.NS
Large,BSL.NS
Large,BSOFT.NS
Large,BTML.NS
Large,BURNPUR.NS
Large,BUTTERFLY.NS
Large,BVCL.NS
Large,BYKE.NS
Large,CALSOFT.NS
Large,CAMLINFINE.NS
Large,CAMPUS.NS
Large,CAMS.NS
Large,CANBK.NS
Large,CANFINHOME.NS
Large,CANTABIL.NS
Large,CAPACITE.NS
Large,CAPLIPOINT.NS
Large,CAPTRUST.NS
Large,CARBORUNIV.NS
Large,CAREERP.NS
Large,CARERATING.NS
Large,CARTRADE.NS
Large,CARYSIL.NS
Large,CASTROLIND.NS
Large,CCHHL.NS
Large,CCL.NS
Large,CDSL.NS
Large,CEATLTD.NS
Large,CELEBRITY.NS
Large,CENTENKA.NS
Large,CENTEXT.NS
Large,CENTRALBK.NS
Large,CENTRUM.NS
Large,CENTUM.NS
Large,CENTURYPLY.NS
Large,CENTURYTEX.NS
Large,CERA.NS
Large,CEREBRAINT.NS
Large,CESC.NS
Large,CGCL.NS
Large,CGPOWER.NS
Large,CHALET.NS
Large,CHAMBLFERT.NS
Large,CHEMBOND.NS
Large,CHEMCON.NS
Large,CHEMFAB.NS
Large,CHEMPLASTS.NS
Large,CHENNPETRO.NS
Large,CHEVIOT.NS
Large,CHOICEIN.NS
Large,CHOLAFIN.NS
Large,CHOLAHLDNG.NS
Large,CIEINDIA.NS
Large,CIGNITITEC.NS
Large,CINELINE.NS
Large,CINEVISTA.NS
Large,CIPLA.NS
Large,CLEAN.NS
Large,CLEDUCATE.NS
Large,CLSEL.NS
Large,CMSINFO.NS
Large,COALINDIA.NS
Large,COASTCORP.NS
Large,COCHINSHIP.NS
Large,COFFEEDAY.NS
Large,COFORGE.NS
Large,COLPAL.NS
Large,COMPINFO.NS
Large,COMPUSOFT.NS
Large,CONCOR.NS
Large,CONFIPET.NS
Large,CONSOFINVT.NS
Large,CONTROLPR.NS
Large,CORALFINAC.NS
Large,CORDSCABLE.NS
Large,COROMANDEL.NS
Large,COSMOFIRST.NS
Large,COUNCODOS.NS
Large,CRAFTSMAN.NS
Large,CREATIVE.NS
Large,CREATIVEYE.NS
Large,CREDITACC.NS
Large,CREST.NS
Large,CRISIL.NS
Large,CROMPTON.NS
Large,CROWN.NS
Large,CSBBANK.NS
Large,CSLFINANCE.NS
Large,CTE.NS
Large,CUB.NS
Large,CUBEXTUB.NS
Large,CUMMINSIND.NS
Large,CUPID.NS
Large,CYBERMEDIA.NS
Large,CYBERTECH.NS
Large,CYIENT.NS
Large,DAAWAT.NS
Large,DABUR.NS
Large,DALBHARAT.NS
Large,DALMIASUG.NS
Large,DAMODARIND.NS
Large,DANGEE.NS
Large,DATAMATICS.NS
Large,DATAPATTNS.NS
Large,DBCORP.NS
Large,DBL.NS
Large,DBOL.NS
Large,DBREALTY.NS
Large,DBSTOCKBRO.NS
Large,DCAL.NS
Large,DCBBANK.NS
Large,DCI.NS
Large,DCM.NS
Large,DCMFINSERV.NS
Large,DCMNVL.NS
Large,DCMSHRIRAM.NS
Large,DCMSRIND.NS
Large,DCW.NS
Large,DCXINDIA.NS
Large,DECCANCE.NS
Large,DEEPAKFERT.NS
Large,DEEPAKNTR.NS
Large,DEEPENR.NS
Large,DEEPINDS.NS
Large,DELHIVERY.NS
Large,DELPHIFX.NS
Large,DELTACORP.NS
Large,DELTAMAGNT.NS
Large,DEN.NS
Large,DENORA.NS
Large,DEVIT.NS
Large,DEVYANI.NS
Large,DGCONTENT.NS
Large,DHAMPURSUG.NS
Large,DHANBANK.NS
Large,DHANI.NS
Large,DHANUKA.NS
Large,DHARMAJ.NS
Large,DHARSUGAR.NS
Large,DHRUV.NS
Large,DHUNINV.NS
Large,DIAMONDYD.NS
Large,DICIND.NS
Large,DIGISPICE.NS
Large,DIGJAMLMTD.NS
Large,DIL.NS
Large,DISHTV.NS
Large,DIVGIITTS.NS
Large,DIVISLAB.NS
Large,DIXON.NS
Large,DJML.NS
Large,DLF.NS
Large,DLINKINDIA.NS
Large,DMART.NS
Large,DMCC.NS
Large,DNAMEDIA.NS
Large,DODLA.NS
Large,DOLATALGO.NS
Large,DOLLAR.NS
Large,DONEAR.NS
Large,DPABHUSHAN.NS
Large,DPSCLTD.NS
Large,DPWIRES.NS
Large,DRCSYSTEMS.NS
Large,DREAMFOLKS.NS
Large,DREDGECORP.NS
Large,DRREDDY.NS
Large,DSSL.NS
Large,DTIL.NS
Large,DUCON.NS
Large,DVL.NS
Large,DWARKESH.NS
Large,DYCL.NS
Large,DYNAMATECH.NS
Large,DYNPRO.NS
Large,E2E.NS
Large,EASEMYTRIP.NS
Large,ECLERX.NS
Large,EDELWEISS.NS
Large,EDUCOMP.NS
Large,EICHERMOT.NS
Large,EIDPARRY.NS
Large,EIFFL.NS
Large,EIHAHOTELS.NS
Large,EIHOTEL.NS
Large,EIMCOELECO.NS
Large,EKC.NS
Large,ELDEHSG.NS
Large,ELECON.NS
Large,ELECTCAST.NS
Large,ELECTHERM.NS
Large,ELGIEQUIP.NS
Large,ELGIRUBCO.NS
Large,ELIN.NS
Large,EMAMILTD.NS
Large,EMAMIPAP.NS
Large,EMAMIREAL.NS
Large,EMIL.NS
Large,EMKAY.NS
Large,EMMBI.NS
Large,EMUDHRA.NS
Large,ENDURANCE.NS
Large,ENERGYDEV.NS
Large,ENGINERSIN.NS
Large,ENIL.NS
Large,EPL.NS
Large,EQUIPPP.NS
Large,EQUITASBNK.NS
Large,ERIS.NS
Large,EROSMEDIA.NS
Large,ESABINDIA.NS
Large,ESCORTS.NS
Large,ESSARSHPNG.NS
Large,ESSENTIA.NS
Large,ESTER.NS
Large,ETHOSLTD.NS
Large,EUROTEXIND.NS
Large,EVEREADY.NS
Large,EVERESTIND.NS
Large,EXCEL.NS
Large,EXCELINDUS.NS
Large,EXIDEIND.NS
Large,EXPLEOSOL.NS
Large,EXXARO.NS
Large,FACT.NS
Large,FAIRCHEMOR.NS
Large,FAZE3Q.NS
Large,FCL.NS
Large,FCONSUMER.NS
Large,FCSSOFT.NS
Large,FDC.NS
Large,FEDERALBNK.NS
Large,FEL.NS
Large,FELDVR.NS
Large,FIBERWEB.NS
Large,FIEMIND.NS
Large,FILATEX.NS
Large,FINCABLES.NS
Large,FINEORG.NS
Large,FINOPB.NS
Large,FINPIPE.NS
Large,FIVESTAR.NS
Large,FLEXITUFF.NS
Large,FLFL.NS
Large,FLUOROCHEM.NS
Large,FMGOETZE.NS
Large,FMNL.NS
Large,FOCUS.NS
Large,FOODSIN.NS
Large,FORCEMOT.NS
Large,FORTIS.NS
Large,FOSECOIND.NS
Large,FRETAIL.NS
Large,FSL.NS
Large,FUSION.NS
Large,GABRIEL.NS
Large,GAEL.NS
Large,GAIL.NS
Large,GAL.NS
Large,GALAXYSURF.NS
Large,GALLANTT.NS
Large,GANDHITUBE.NS
Large,GANECOS.NS
Large,GANESHBE.NS
Large,GANESHHOUC.NS
Large,GANGAFORGE.NS
Large,GANGESSECU.NS
Large,GARFIBRES.NS
Large,GATEWAY.NS
Large,GATI.NS
Large,GAYAPROJ.NS
Large,GEECEE.NS
Large,GEEKAYWIRE.NS
Large,GENCON.NS
Large,GENESYS.NS
Large,GENUSPAPER.NS
Large,GENUSPOWER.NS
Large,GEOJITFSL.NS
Large,GEPIL.NS
Large,GESHIP.NS
Large,GET&D.NS
Large,GFLLIMITED.NS
Large,GHCL.NS
Large,GHCLTEXTIL.NS
Large,GICHSGFIN.NS
Large,GICRE.NS
Large,GILLANDERS.NS
Large,GILLETTE.NS
Large,GINNIFILA.NS
Large,GIPCL.NS
Large,GISOLUTION.NS
Large,GKWLIMITED.NS
Large,GLAND.NS
Large,GLAXO.NS
Large,GLENMARK.NS
Large,GLFL.NS
Large,GLOBAL.NS
Large,GLOBALVECT.NS
Large,GLOBUSSPR.NS
Large,GLS.NS
Large,GMBREW.NS
Large,GMDCLTD.NS
Large,GMMPFAUDLR.NS
Large,GMRINFRA.NS
Large,GMRP&UI.NS
Large,GNA.NS
Large,GNFC.NS
Large,GOACARBON.NS
Large,GOCLCORP.NS
Large,GOCOLORS.NS
Large,GODFRYPHLP.NS
Large,GODHA.NS
Large,GODREJAGRO.NS
Large,GODREJCP.NS
Large,GODREJIND.NS
Large,GODREJPROP.NS
Large,GOENKA.NS
Large,GOKEX.NS
Large,GOKUL.NS
Large,GOKULAGRO.NS
Large,GOLDENTOBC.NS
Large,GOLDIAM.NS
Large,GOLDTECH.NS
Large,GOODLUCK.NS
Large,GOODYEAR.NS
Large,GPIL.NS
Large,GPPL.NS
Large,GPTINFRA.NS
Large,GRANULES.NS
Large,GRAPHITE.NS
Large,GRASIM.NS
Large,GRAUWEIL.NS
Large,GRAVITA.NS
Large,GREAVESCOT.NS
Large,GREENLAM.NS
Large,GREENPANEL.NS
Large,GREENPLY.NS
Large,GREENPOWER.NS
Large,GRINDWELL.NS
Large,GRINFRA.NS
Large,GRMOVER.NS
Large,GROBTEA.NS
Large,GRPLTD.NS
Large,GRSE.NS
Large,GRWRHITECH.NS
Large,GSFC.NS
Large,GSLSU.NS
Large,GSPL.NS
Large,GSS.NS
Large,GTL.NS
Large,GTLINFRA.NS
Large,GTPL.NS
Large,GUFICBIO.NS
Large,GUJALKALI.NS
Large,GUJAPOLLO.NS
Large,GUJGASLTD.NS
Large,GUJRAFFIA.NS
Large,GULFOILLUB.NS
Large,GULFPETRO.NS
Large,GULPOLY.NS
Large,GVKPIL.NS
Large,HAL.NS
Large,HAPPSTMNDS.NS
Large,HARDWYN.NS
Large,HARIOMPIPE.NS
Large,HARRMALAYA.NS
Large,HARSHA.NS
Large,HATHWAY.NS
Large,HATSUN.NS
Large,HAVELLS.NS
Large,HAVISHA.NS
Large,HBLPOWER.NS
Large,HBSL.NS
Large,HCC.NS
Large,HCG.NS
Large,HCL-INSYS.NS
Large,HCLTECH.NS
Large,HDFC.NS
Large,HDFCAMC.NS
Large,HDFCBANK.NS
Large,HDFCLIFE.NS
Large,HEADSUP.NS
Large,HECPROJECT.NS
Large,HEG.NS
Large,HEIDELBERG.NS
Large,HEMIPROP.NS
Large,HERANBA.NS
Large,HERCULES.NS
Large,HERITGFOOD.NS
Large,HEROMOTOCO.NS
Large,HESTERBIO.NS
Large,HEUBACHIND.NS
Large,HEXATRADEX.NS
Large,HFCL.NS
Large,HGINFRA.NS
Large,HGS.NS
Large,HIKAL.NS
Large,HIL.NS
Large,HILTON.NS
Large,HIMATSEIDE.NS
Large,HINDALCO.NS
Large,HINDCOMPOS.NS
Large,HINDCON.NS
Large,HINDCOPPER.NS
Large,HINDMOTORS.NS
Large,HINDNATGLS.NS
Large,HINDOILEXP.NS
Large,HINDPETRO.NS
Large,HINDUNILVR.NS
Large,HINDWAREAP.NS
Large,HINDZINC.NS
Large,HIRECT.NS
Large,HISARMETAL.NS
Large,HITECH.NS
Large,HITECHCORP.NS
Large,HITECHGEAR.NS
Large,HLEGLAS.NS
Large,HLVLTD.NS
Large,HMT.NS
Large,HMVL.NS
Large,HNDFDS.NS
Large,HOMEFIRST.NS
Large,HONAUT.NS
Large,HONDAPOWER.NS
Large,HOVS.NS
Large,HPAL.NS
Large,HPIL.NS
Large,HPL.NS
Large,HSCL.NS
Large,HTMEDIA.NS
Large,HUBTOWN.NS
Large,HUDCO.NS
Large,HUHTAMAKI.NS
Large,HYBRIDFIN.NS
Large,IBREALEST.NS
Large,IBULHSGFIN.NS
Large,ICDSLTD.NS
Large,ICEMAKE.NS
Large,ICICIBANK.NS
Large,ICICIGI.NS
Large,ICICIPRULI.NS
Large,ICIL.NS
Large,ICRA.NS
Large,IDBI.NS
Large,IDEA.NS
Large,IDFC.NS
Large,IDFCFIRSTB.NS
Large,IEL.NS
Large,IEX.NS
Large,IFBAGRO.NS
Large,IFBIND.NS
Large,IFCI.NS
Large,IFGLEXPOR.NS
Large,IGARASHI.NS
Large,IGL.NS
Large,IGPL.NS
Large,IIFL.NS
Large,IIFLSEC.NS
Large,IITL.NS
Large,IKIO.NS
Large,IL&FSENGG.NS
Large,IL&FSTRANS.NS
Large,IMAGICAA.NS
Large,IMFA.NS
Large,IMPAL.NS
Large,IMPEXFERRO.NS
Large,INCREDIBLE.NS
Large,INDBANK.NS
Large,INDHOTEL.NS
Large,INDIACEM.NS
Large,INDIAGLYCO.NS
Large,INDIAMART.NS
Large,INDIANB.NS
Large,INDIANCARD.NS
Large,INDIANHUME.NS
Large,INDIGO.NS
Large,INDIGOPNTS.NS
Large,INDLMETER.NS
Large,INDNIPPON.NS
Large,INDOAMIN.NS
Large,INDOBORAX.NS
Large,INDOCO.NS
Large,INDORAMA.NS
Large,INDOSTAR.NS
Large,INDOTHAI.NS
Large,INDOWIND.NS
Large,INDRAMEDCO.NS
Large,INDSWFTLAB.NS
Large,INDSWFTLTD.NS
Large,INDTERRAIN.NS
Large,INDUSINDBK.NS
Large,INDUSTOWER.NS
Large,INFIBEAM.NS
Large,INFOBEAN.NS
Large,INFOMEDIA.NS
Large,INFY.NS
Large,INGERRAND.NS
Large,INOXGREEN.NS
Large,INOXWIND.NS
Large,INSECTICID.NS
Large,INTELLECT.NS
Large,INTENTECH.NS
Large,INTLCONV.NS
Large,INVENTURE.NS
Large,IOB.NS
Large,IOC.NS
Large,IOLCP.NS
Large,IONEXCHANG.NS
Large,IPCALAB.NS
Large,IPL.NS
Large,IRB.NS
Large,IRCON.NS
Large,IRCTC.NS
Large,IRFC.NS
Large,IRIS.NS
Large,IRISDOREME.NS
Large,ISEC.NS
Large,ISFT.NS
Large,ISGEC.NS
Large,ISMTLTD.NS
Large,ITC.NS
Large,ITDC.NS
Large,ITDCEM.NS
Large,ITI.NS
Large,IVC.NS
Large,IVP.NS
Large,IWEL.NS
Large,IZMO.NS
Large,J&KBANK.NS
Large,JAGRAN.NS
Large,JAGSNPHARM.NS
Large,JAIBALAJI.NS
Large,JAICORPLTD.NS
Large,JAIPURKURT.NS
Large,JAMNAAUTO.NS
Large,JASH.NS
Large,JAYAGROGN.NS
Large,JAYBARMARU.NS
Large,JAYNECOIND.NS
Large,JAYSREETEA.NS
Large,JBCHEPHARM.NS
Large,JBMA.NS
Large,JCHAC.NS
Large,JETAIRWAYS.NS
Large,JETFREIGHT.NS
Large,JHS.NS
Large,JINDALPHOT.NS
Large,JINDALPOLY.NS
Large,JINDALSAW.NS
Large,JINDALSTEL.NS
Large,JINDRILL.NS
Large,JINDWORLD.NS
Large,JISLDVREQS.NS
Large,JISLJALEQS.NS
Large,JITFINFRA.NS
Large,JKCEMENT.NS
Large,JKIL.NS
Large,JKLAKSHMI.NS
Large,JKPAPER.NS
Large,JKTYRE.NS
Large,JMA.NS
Large,JMFINANCIL.NS
Large,JOCIL.NS
Large,JPASSOCIAT.NS
Large,JPOLYINVST.NS
Large,JPPOWER.NS
Large,JSL.NS
Large,JSWENERGY.NS
Large,JSWHL.NS
Large,JSWISPL.NS
Large,JSWSTEEL.NS
Large,JTEKTINDIA.NS
Large,JTLIND.NS
Large,JUBLFOOD.NS
Large,JUBLINDS.NS
Large,JUBLINGREA.NS
Large,JUBLPHARMA.NS
Large,JUSTDIAL.NS
Large,JWL.NS
Large,JYOTHYLAB.NS
Large,JYOTISTRUC.NS
Large,KABRAEXTRU.NS
Large,KAJARIACER.NS
Large,KAKATCEM.NS
Large,KALYANI.NS
Large,KALYANIFRG.NS
Large,KALYANKJIL.NS
Large,KAMATHOTEL.NS
Large,KAMDHENU.NS
Large,KAMOPAINTS.NS
Large,KANANIIND.NS
Large,KANORICHEM.NS
Large,KANPRPLA.NS
Large,KANSAINER.NS
Large,KAPSTON.NS
Large,KARMAENG.NS
Large,KARURVYSYA.NS
Large,KAUSHALYA.NS
Large,KAVVERITEL.NS
Large,KAYA.NS
Large,KAYNES.NS
Large,KBCGLOBAL.NS
Large,KCP.NS
Large,KCPSUGIND.NS
Large,KDDL.NS
Large,KEC.NS
Large,KECL.NS
Large,KEEPLEARN.NS
Large,KEERTI.NS
Large,KEI.NS
Large,KELLTONTEC.NS
Large,KENNAMET.NS
Large,KERNEX.NS
Large,KESORAMIND.NS
Large,KEYFINSERV.NS
Large,KFINTECH.NS
Large,KHADIM.NS
Large,KHAICHEM.NS
Large,KHAITANLTD.NS
Large,KHANDSE.NS
Large,KICL.NS
Large,KILITCH.NS
Large,KIMS.NS
Large,KINGFA.NS
Large,KIOCL.NS
Large,KIRIINDUS.NS
Large,KIRLFER.NS
Large,KIRLOSBROS.NS
Large,KIRLOSENG.NS
Large,KIRLOSIND.NS
Large,KIRLPNU.NS
Large,KITEX.NS
Large,KKCL.NS
Large,KMSUGAR.NS
Large,KNRCON.NS
Large,KOHINOOR.NS
Large,KOKUYOCMLN.NS
Large,KOLTEPATIL.NS
Large,KOPRAN.NS
Large,KOTAKBANK.NS
Large,KOTARISUG.NS
Large,KOTHARIPET.NS
Large,KOTHARIPRO.NS
Large,KOVAI.NS
Large,KPIGREEN.NS
Large,KPIL.NS
Large,KPITTECH.NS
Large,KPRMILL.NS
Large,KRBL.NS
Large,KREBSBIO.NS
Large,KRIDHANINF.NS
Large,KRISHANA.NS
Large,KRITI.NS
Large,KRITIKA.NS
Large,KRITINUT.NS
Large,KRSNAA.NS
Large,KSB.NS
Large,KSCL.NS
Large,KSHITIJPOL.NS
Large,KSL.NS
Large,KSOLVES.NS
Large,KTKBANK.NS
Large,KUANTUM.NS
Large,L&TFH.NS
Large,LAGNAM.NS
Large,LAKPRE.NS
Large,LAL.NS
Large,LALPATHLAB.NS
Large,LAMBODHARA.NS
Large,LANDMARK.NS
Large,LAOPALA.NS
Large,LASA.NS
Large,LATENTVIEW.NS
Large,LATTEYS.NS
Large,LAURUSLABS.NS
Large,LAXMICOT.NS
Large,LAXMIMACH.NS
Large,LCCINFOTEC.NS
Large,LEMONTREE.NS
Large,LEXUS.NS
Large,LFIC.NS
Large,LGBBROSLTD.NS
Large,LGBFORGE.NS
Large,LIBAS.NS
Large,LIBERTSHOE.NS
Large,LICHSGFIN.NS
Large,LICI.NS
Large,LIKHITHA.NS
Large,LINC.NS
Large,LINCOLN.NS
Large,LINDEINDIA.NS
Large,LODHA.NS
Large,LOKESHMACH.NS
Large,LOTUSEYE.NS
Large,LOVABLE.NS
Large,LOYALTEX.NS
Large,LPDC.NS
Large,LSIL.NS
Large,LT.NS
Large,LTIM.NS
Large,LTTS.NS
Large,LUMAXIND.NS
Large,LUMAXTECH.NS
Large,LUPIN.NS
Large,LUXIND.NS
Large,LXCHEM.NS
Large,LYKALABS.NS
Large,LYPSAGEMS.NS
Large,M&M.NS
Large,M&MFIN.NS
Large,MAANALU.NS
Large,MACPOWER.NS
Large,MADHAV.NS
Large,MADHUCON.NS
Large,MADRASFERT.NS
Large,MAGADSUGAR.NS
Large,MAGNUM.NS
Large,MAHABANK.NS
Large,MAHAPEXLTD.NS
Large,MAHASTEEL.NS
Large,MAHEPC.NS
Large,MAHESHWARI.NS
Large,MAHLIFE.NS
Large,MAHLOG.NS
Large,MAHSCOOTER.NS
Large,MAHSEAMLES.NS
Large,MAITHANALL.NS
Large,MALLCOM.NS
Large,MALUPAPER.NS
Large,MANAKALUCO.NS
Large,MANAKCOAT.NS
Large,MANAKSIA.NS
Large,MANAKSTEEL.NS
Large,MANALIPETC.NS
Large,MANAPPURAM.NS
Large,MANGALAM.NS
Large,MANGCHEFER.NS
Large,MANGLMCEM.NS
Large,MANINDS.NS
Large,MANINFRA.NS
Large,MANKIND.NS
Large,MANOMAY.NS
Large,MANORAMA.NS
Large,MANORG.NS
Large,MANUGRAPH.NS
Large,MANYAVAR.NS
Large,MAPMYINDIA.NS
Large,MARALOVER.NS
Large,MARATHON.NS
Large,MARICO.NS
Large,MARINE.NS
Large,MARKSANS.NS
Large,MARSHALL.NS
Large,MARUTI.NS
Large,MASFIN.NS
Large,MASKINVEST.NS
Large,MASTEK.NS
Large,MATRIMONY.NS
Large,MAWANASUG.NS
Large,MAXHEALTH.NS
Large,MAXIND.NS
Large,MAXVIL.NS
Large,MAYURUNIQ.NS
Large,MAZDA.NS
Large,MAZDOCK.NS
Large,MBAPL.NS
Large,MBLINFRA.NS
Large,MCDOWELL-N.NS
Large,MCL.NS
Large,MCLEODRUSS.NS
Large,MCX.NS
Large,MEDANTA.NS
Large,MEDICAMEQ.NS
Large,MEDICO.NS
Large,MEDPLUS.NS
Large,MEGASOFT.NS
Large,MEGASTAR.NS
Large,MELSTAR.NS
Large,MENONBE.NS
Large,MEP.NS
Large,METALFORGE.NS
Large,METROBRAND.NS
Large,METROPOLIS.NS
Large,MFL.NS
Large,MFSL.NS
Large,MGEL.NS
Large,MGL.NS
Large,MHLXMIRU.NS
Large,MHRIL.NS
Large,MIDHANI.NS
Large,MINDACORP.NS
Large,MINDTECK.NS
Large,MIRCELECTR.NS
Large,MIRZAINT.NS
Large,MITCON.NS
Large,MITTAL.NS
Large,MKPL.NS
Large,MMFL.NS
Large,MMTC.NS
Large,MODIRUBBER.NS
Large,MODISONLTD.NS
Large,MOHITIND.NS
Large,MOIL.NS
Large,MOKSH.NS
Large,MOL.NS
Large,MOLDTECH.NS
Large,MOLDTKPAC.NS
Large,MONARCH.NS
Large,MONTECARLO.NS
Large,MORARJEE.NS
Large,MOREPENLAB.NS
Large,MOTHERSON.NS
Large,MOTILALOFS.NS
Large,MOTOGENFIN.NS
Large,MPHASIS.NS
Large,MPSLTD.NS
Large,MRF.NS
Large,MRO-TEK.NS
Large,MRPL.NS
Large,MSPL.NS
Large,MSTCLTD.NS
Large,MSUMI.NS
Large,MTARTECH.NS
Large,MTEDUCARE.NS
Large,MTNL.NS
Large,MUKANDLTD.NS
Large,MUKTAARTS.NS
Large,MUNJALAU.NS
Large,MUNJALSHOW.NS
Large,MURUDCERA.NS
Large,MUTHOOTCAP.NS
Large,MUTHOOTFIN.NS
Large,NACLIND.NS
Large,NAGAFERT.NS
Large,NAGREEKCAP.NS
Large,NAGREEKEXP.NS
Large,NAHARCAP.NS
Large,NAHARINDUS.NS
Large,NAHARPOLY.NS
Large,NAHARSPING.NS
Large,NAM-INDIA.NS
Large,NARMADA.NS
Large,NATCOPHARM.NS
Large,NATHBIOGEN.NS
Large,NATIONALUM.NS
Large,NAUKRI.NS
Large,NAVA.NS
Large,NAVINFLUOR.NS
Large,NAVKARCORP.NS
Large,NAVNETEDUL.NS
Large,NAZARA.NS
Large,NBCC.NS
Large,NBIFIN.NS
Large,NCC.NS
Large,NCLIND.NS
Large,NDGL.NS
Large,NDL.NS
Large,NDLVENTURE.NS
Large,NDRAUTO.NS
Large,NDTV.NS
Large,NECCLTD.NS
Large,NECLIFE.NS
Large,NECLTD-RE.NS
Large,NELCAST.NS
Large,NELCO.NS
Large,NEOGEN.NS
Large,NESCO.NS
Large,NESTLEIND.NS
Large,NETWORK18.NS
Large,NEULANDLAB.NS
Large,NEWGEN.NS
Large,NEXTMEDIA.NS
Large,NFL.NS
Large,NGIL.NS
Large,NGLFINE.NS
Large,NH.NS
Large,NHPC.NS
Large,NIACL.NS
Large,NIBL.NS
Large,NIITLTD.NS
Large,NILAINFRA.NS
Large,NILASPACES.NS
Large,NILKAMAL.NS
Large,NIPPOBATRY.NS
Large,NIRAJ.NS
Large,NIRAJISPAT.NS
Large,NITCO.NS
Large,NITINSPIN.NS
Large,NITIRAJ.NS
Large,NKIND.NS
Large,NLCINDIA.NS
Large,NMDC.NS
Large,NOCIL.NS
Large,NOIDATOLL.NS
Large,NORBTEAEXP.NS
Large,NOVARTIND.NS
Large,NRAIL.NS
Large,NRBBEARING.NS
Large,NRL.NS
Large,NSIL.NS
Large,NSLNISP.NS
Large,NTPC.NS
Large,NUCLEUS.NS
Large,NURECA.NS
Large,NUVOCO.NS
Large,NYKAA.NS
Large,OAL.NS
Large,OBCL.NS
Large,OBEROIRLTY.NS
Large,OCCL.NS
Large,OFSS.NS
Large,OIL.NS
Large,OILCOUNTUB.NS
Large,OLECTRA.NS
Large,OMAXAUTO.NS
Large,OMAXE.NS
Large,OMINFRAL.NS
Large,OMKARCHEM.NS
Large,ONELIFECAP.NS
Large,ONEPOINT.NS
Large,ONGC.NS
Large,ONMOBILE.NS
Large,ONWARDTEC.NS
Large,OPTIEMUS.NS
Large,ORBTEXP.NS
Large,ORCHPHARMA.NS
Large,ORICONENT.NS
Large,ORIENTABRA.NS
Large,ORIENTALTL.NS
Large,ORIENTBELL.NS
Large,ORIENTCEM.NS
Large,ORIENTELEC.NS
Large,ORIENTHOT.NS
Large,ORIENTLTD.NS
Large,ORIENTPPR.NS
Large,ORISSAMINE.NS
Large,ORTEL.NS
Large,ORTINLAB.NS
Large,OSIAHYPER.NS
Large,OSWALAGRO.NS
Large,OSWALGREEN.NS
Large,OSWALSEEDS.NS
Large,PAGEIND.NS
Large,PAISALO.NS
Large,PALASHSECU.NS
Large,PALREDTEC.NS
Large,PANACEABIO.NS
Large,PANACHE.NS
Large,PANAMAPET.NS
Large,PANSARI.NS
Large,PAR.NS
Large,PARACABLES.NS
Large,PARADEEP.NS
Large,PARAGMILK.NS
Large,PARAS.NS
Large,PARASPETRO.NS
Large,PARSVNATH.NS
Large,PASUPTAC.NS
Large,PATANJALI.NS
Large,PATELENG.NS
Large,PATINTLOG.NS
Large,PAVNAIND.NS
Large,PAYTM.NS
Large,PCBL.NS
Large,PCJEWELLER.NS
Large,PDMJEPAPER.NS
Large,PDSL.NS
Large,PEARLPOLY.NS
Large,PEL.NS
Large,PENIND.NS
Large,PENINLAND.NS
Large,PERSISTENT.NS
Large,PETRONET.NS
Large,PFC.NS
Large,PFIZER.NS
Large,PFOCUS.NS
Large,PFS.NS
Large,PGEL.NS
Large,PGHH.NS
Large,PGHL.NS
Large,PGIL.NS
Large,PHOENIXLTD.NS
Large,PIDILITIND.NS
Large,PIGL.NS
Large,PIIND.NS
Large,PILANIINVS.NS
Large,PILITA.NS
Large,PIONEEREMB.NS
Large,PITTIENG.NS
Large,PIXTRANS.NS
Large,PKTEA.NS
Large,PLASTIBLEN.NS
Large,PNB.NS
Large,PNBGILTS.NS
Large,PNBHOUSING.NS
Large,PNC.NS
Large,PNCINFRA.NS
Large,POCL.NS
Large,PODDARHOUS.NS
Large,PODDARMENT.NS
Large,POKARNA.NS
Large,POLICYBZR.NS
Large,POLYCAB.NS
Large,POLYMED.NS
Large,POLYPLEX.NS
Large,PONNIERODE.NS
Large,POONAWALLA.NS
Large,POWERGRID.NS
Large,POWERINDIA.NS
Large,POWERMECH.NS
Large,PPAP.NS
Large,PPL.NS
Large,PPLPHARMA.NS
Large,PRAENG.NS
Large,PRAJIND.NS
Large,PRAKASH.NS
Large,PRAKASHSTL.NS
Large,PRECAM.NS
Large,PRECOT.NS
Large,PRECWIRE.NS
Large,PREMEXPLN.NS
Large,PREMIERPOL.NS
Large,PRESTIGE.NS
Large,PRICOLLTD.NS
Large,PRIMESECU.NS
Large,PRINCEPIPE.NS
Large,PRITI.NS
Large,PRITIKAUTO.NS
Large,PRIVISCL.NS
Large,PROZONINTU.NS
Large,PRSMJOHNSN.NS
Large,PRUDENT.NS
Large,PSB.NS
Large,PSPPROJECT.NS
Large,PTC.NS
Large,PTCIL.NS
Large,PTL.NS
Large,PUNJABCHEM.NS
Large,PURVA.NS
Large,PVP.NS
Large,PVRINOX.NS
Large,QUESS.NS
Large,QUICKHEAL.NS
Large,RACE.NS
Large,RADAAN.NS
Large,RADHIKAJWE.NS
Large,RADIANTCMS.NS
Large,RADICO.NS
Large,RADIOCITY.NS
Large,RAILTEL.NS
Large,RAIN.NS
Large,RAINBOW.NS
Large,RAJESHEXPO.NS
Large,RAJMET.NS
Large,RAJRATAN.NS
Large,RAJRILTD.NS
Large,RAJSREESUG.NS
Large,RAJTV.NS
Large,RALLIS.NS
Large,RAMANEWS.NS
Large,RAMAPHO.NS
Large,RAMASTEEL.NS
Large,RAMCOCEM.NS
Large,RAMCOIND.NS
Large,RAMCOSYS.NS
Large,RAMKY.NS
Large,RAMRAT.NS
Large,RANASUG.NS
Large,RANEENGINE.NS
Large,RANEHOLDIN.NS
Large,RATEGAIN.NS
Large,RATNAMANI.NS
Large,RAYMOND.NS
Large,RBA.NS
Large,RBL.NS
Large,RBLBANK.NS
Large,RCF.NS
Large,RCOM.NS
Large,RECLTD.NS
Large,REDINGTON.NS
Large,REFEX.NS
Large,RELAXO.NS
Large,RELCAPITAL.NS
Large,RELCHEMQ.NS
Large,RELIANCE.NS
Large,RELIGARE.NS
Large,RELINFRA.NS
Large,REMSONSIND.NS
Large,RENUKA.NS
Large,REPCOHOME.NS
Large,REPL.NS
Large,REPRO.NS
Large,RESPONIND.NS
Large,REVATHI.NS
Large,RGL.NS
Large,RHFL.NS
Large,RHIM.NS
Large,RHL.NS
Large,RICOAUTO.NS
Large,RIIL.NS
Large,RITCO.NS
Large,RITES.NS
Large,RKEC.NS
Large,RKFORGE.NS
Large,RML.NS
Large,RNAVAL.NS
Large,ROHLTD.NS
Large,ROLEXRINGS.NS
Large,ROLLT.NS
Large,ROML.NS
Large,ROSSARI.NS
Large,ROSSELLIND.NS
Large,ROTO.NS
Large,ROUTE.NS
Large,RPGLIFE.NS
Large,RPOWER.NS
Large,RPPINFRA.NS
Large,RPPL.NS
Large,RPSGVENT.NS
Large,RSSOFTWARE.NS
Large,RSWM.NS
Large,RSYSTEMS.NS
Large,RTNINDIA.NS
Large,RTNPOWER.NS
Large,RUBYMILLS.NS
Large,RUCHINFRA.NS
Large,RUCHIRA.NS
Large,RUPA.NS
Large,RUSHIL.NS
Large,RUSTOMJEE.NS
Large,RVHL.NS
Large,RVNL.NS
Large,S&SPOWER.NS
Large,SABEVENTS.NS
Large,SABTN.NS
Large,SADBHAV.NS
Large,SADBHIN.NS
Large,SADHNANIQ.NS
Large,SAFARI.NS
Large,SAGARDEEP.NS
Large,SAGCEM.NS
Large,SAH.NS
Large,SAHYADRI.NS
Large,SAIL.NS
Large,SAKAR.NS
Large,SAKHTISUG.NS
Large,SAKSOFT.NS
Large,SAKUMA.NS
Large,SALASAR.NS
Large,SALONA.NS
Large,SALSTEEL.NS
Large,SALZERELEC.NS
Large,SAMBHAAV.NS
Large,SANDESH.NS
Large,SANDHAR.NS
Large,SANGAMIND.NS
Large,SANGHIIND.NS
Large,SANGHVIMOV.NS
Large,SANGINITA.NS
Large,SANOFI.NS
Large,SANSERA.NS
Large,SAPPHIRE.NS
Large,SARDAEN.NS
Large,SAREGAMA.NS
Large,SARLAPOLY.NS
Large,SARVESHWAR.NS
Large,SASKEN.NS
Large,SASTASUNDR.NS
Large,SATIA.NS
Large,SATIN.NS
Large,SATINDLTD.NS
Large,SBC.NS
Large,SBCL.NS
Large,SBGLP.NS
Large,SBICARD.NS
Large,SBILIFE.NS
Large,SBIN.NS
Large,SCAPDVR.NS
Large,SCHAEFFLER.NS
Large,SCHAND.NS
Large,SCHNEIDER.NS
Large,SCI.NS
Large,SCPL.NS
Large,SDBL.NS
Large,SEAMECLTD.NS
Large,SECURCRED.NS
Large,SECURKLOUD.NS
Large,SEJALLTD.NS
Large,SELAN.NS
Large,SELMC.NS
Large,SEPC.NS
Large,SEPOWER.NS
Large,SEQUENT.NS
Large,SERVOTECH.NS
Large,SESHAPAPER.NS
Large,SETCO.NS
Large,SEYAIND.NS
Large,SFL.NS
Large,SGIL.NS
Large,SGL.NS
Large,SHAHALLOYS.NS
Large,SHAILY.NS
Large,SHAKTIPUMP.NS
Large,SHALBY.NS
Large,SHALPAINTS.NS
Large,SHANKARA.NS
Large,SHANTI.NS
Large,SHANTIGEAR.NS
Large,SHARDACROP.NS
Large,SHARDAMOTR.NS
Large,SHAREINDIA.NS
Large,SHEMAROO.NS
Large,SHILPAMED.NS
Large,SHIVALIK.NS
Large,SHIVAMAUTO.NS
Large,SHIVAMILLS.NS
Large,SHIVATEX.NS
Large,SHK.NS
Large,SHOPERSTOP.NS
Large,SHRADHA.NS
Large,SHREDIGCEM.NS
Large,SHREECEM.NS
Large,SHREEPUSHK.NS
Large,SHREERAMA.NS
Large,SHRENIK.NS
Large,SHREYANIND.NS
Large,SHREYAS.NS
Large,SHRIPISTON.NS
Large,SHRIRAMFIN.NS
Large,SHRIRAMPPS.NS
Large,SHYAMCENT.NS
Large,SHYAMMETL.NS
Large,SHYAMTEL.NS
Large,SIEMENS.NS
Large,SIGACHI.NS
Large,SIGIND.NS
Large,SIGMA.NS
Large,SIKKO.NS
Large,SIL.NS
Large,SILGO.NS
Large,SILINV.NS
Large,SILLYMONKS.NS
Large,SILVERTUC.NS
Large,SIMBHALS.NS
Large,SIMPLEXINF.NS
Large,SINDHUTRAD.NS
Large,SINTERCOM.NS
Large,SIRCA.NS
Large,SIS.NS
Large,SITINET.NS
Large,SIYSIL.NS
Large,SJS.NS
Large,SJVN.NS
Large,SKFINDIA.NS
Large,SKIPPER.NS
Large,SKMEGGPROD.NS
Large,SKYGOLD.NS
Large,SMARTLINK.NS
Large,SMCGLOBAL.NS
Large,SMLISUZU.NS
Large,SMLT.NS
Large,SMSLIFE.NS
Large,SMSPHARMA.NS
Large,SNOWMAN.NS
Large,SOBHA.NS
Large,SOFTTECH.NS
Large,SOLARA.NS
Large,SOLARINDS.NS
Large,SOMANYCERA.NS
Large,SOMATEX.NS
Large,SOMICONVEY.NS
Large,SONACOMS.NS
Large,SONAMCLOCK.NS
Large,SONATSOFTW.NS
Large,SOTL.NS
Large,SOUTHBANK.NS
Large,SOUTHWEST.NS
Large,SPAL.NS
Large,SPANDANA.NS
Large,SPARC.NS
Large,SPCENET.NS
Large,SPECIALITY.NS
Large,SPENCERS.NS
Large,SPIC.NS
Large,SPLIL.NS
Large,SPLPETRO.NS
Large,SPORTKING.NS
Large,SPTL.NS
Large,SREEL.NS
Large,SREINFRA.NS
Large,SRF.NS
Large,SRHHYPOLTD.NS
Large,SRPL.NS
Large,SSWL.NS
Large,STAR.NS
Large,STARCEMENT.NS
Large,STARHEALTH.NS
Large,STARPAPER.NS
Large,STARTECK.NS
Large,STCINDIA.NS
Large,STEELCAS.NS
Large,STEELCITY.NS
Large,STEELXIND.NS
Large,STEL.NS
Large,STERTOOLS.NS
Large,STLTECH.NS
Large,STOVEKRAFT.NS
Large,STYLAMIND.NS
Large,STYRENIX.NS
Large,SUBEXLTD.NS
Large,SUBROS.NS
Large,SUDARSCHEM.NS
Large,SUKHJITS.NS
Large,SULA.NS
Large,SUMICHEM.NS
Large,SUMIT.NS
Large,SUMMITSEC.NS
Large,SUNCLAYLTD.NS
Large,SUNDARAM.NS
Large,SUNDARMFIN.NS
Large,SUNDARMHLD.NS
Large,SUNDRMBRAK.NS
Large,SUNDRMFAST.NS
Large,SUNFLAG.NS
Large,SUNPHARMA.NS
Large,SUNTECK.NS
Large,SUNTV.NS
Large,SUPERHOUSE.NS
Large,SUPERSPIN.NS
Large,SUPRAJIT.NS
Large,SUPREMEENG.NS
Large,SUPREMEIND.NS
Large,SUPREMEINF.NS
Large,SUPRIYA.NS
Large,SURANASOL.NS
Large,SURANAT&P.NS
Large,SURYALAXMI.NS
Large,SURYAROSNI.NS
Large,SURYODAY.NS
Large,SUTLEJTEX.NS
Large,SUULD.NS
Large,SUVEN.NS
Large,SUVENPHAR.NS
Large,SUVIDHAA.NS
Large,SUZLON.NS
Large,SVLL.NS
Large,SVPGLOB.NS
Large,SWANENERGY.NS
Large,SWARAJENG.NS
Large,SWELECTES.NS
Large,SWSOLAR.NS
Large,SYMPHONY.NS
Large,SYNCOMF.NS
Large,SYNGENE.NS
Large,SYRMA.NS
Large,TAINWALCHM.NS
Large,TAJGVK.NS
Large,TAKE.NS
Large,TALBROAUTO.NS
Large,TANLA.NS
Large,TANTIACONS.NS
Large,TARAPUR.NS
Large,TARC.NS
Large,TARMAT.NS
Large,TARSONS.NS
Large,TASTYBITE.NS
Large,TATACHEM.NS
Large,TATACOFFEE.NS
Large,TATACOMM.NS
Large,TATACONSUM.NS
Large,TATAELXSI.NS
Large,TATAINVEST.NS
Large,TATAMETALI.NS
Large,TATAMOTORS.NS
Large,TATAMTRDVR.NS
Large,TATAPOWER.NS
Large,TATASTEEL.NS
Large,TATASTLLP.NS
Large,TATVA.NS
Large,TBZ.NS
Large,TCI.NS
Large,TCIEXP.NS
Large,TCNSBRANDS.NS
Large,TCPLPACK.NS
Large,TCS.NS
Large,TDPOWERSYS.NS
Large,TEAMLEASE.NS
Large,TECHIN.NS
Large,TECHM.NS
Large,TECHNOE.NS
Large,TECILCHEM.NS
Large,TEGA.NS
Large,TEJASNET.NS
Large,TEMBO.NS
Large,TERASOFT.NS
Large,TEXINFRA.NS
Large,TEXMOPIPES.NS
Large,TEXRAIL.NS
Large,TFCILTD.NS
Large,TFL.NS
Large,TGBHOTELS.NS
Large,THANGAMAYL.NS
Large,THEINVEST.NS
Large,THEMISMED.NS
Large,THERMAX.NS
Large,THOMASCOOK.NS
Large,THOMASCOTT.NS
Large,THYROCARE.NS
Large,TI.NS
Large,TIDEWATER.NS
Large,TIIL.NS
Large,TIINDIA.NS
Large,TIJARIA.NS
Large,TIL.NS
Large,TIMESGTY.NS
Large,TIMETECHNO.NS
Large,TIMKEN.NS
Large,TINPLATE.NS
Large,TIPSFILMS.NS
Large,TIPSINDLTD.NS
Large,TIRUMALCHM.NS
Large,TIRUPATIFL.NS
Large,TITAGARH.NS
Large,TITAN.NS
Large,TMB.NS
Large,TNPETRO.NS
Large,TNPL.NS
Large,TNTELE.NS
Large,TOKYOPLAST.NS
Large,TORNTPHARM.NS
Large,TORNTPOWER.NS
Large,TOTAL.NS
Large,TOUCHWOOD.NS
Large,TPLPLASTEH.NS
Large,TRACXN.NS
Large,TREEHOUSE.NS
Large,TREJHARA.NS
Large,TRENT.NS
Large,TRF.NS
Large,TRIDENT.NS
Large,TRIGYN.NS
Large,TRIL.NS
Large,TRITURBINE.NS
Large,TRIVENI.NS
Large,TRU.NS
Large,TTKHLTCARE.NS
Large,TTKPRESTIG.NS
Large,TTL.NS
Large,TTML.NS
Large,TV18BRDCST.NS
Large,TVSELECT.NS
Large,TVSMOTOR.NS
Large,TVSSRICHAK.NS
Large,TVTODAY.NS
Large,TVVISION.NS
Large,UBL.NS
Large,UCALFUEL.NS
Large,UCOBANK.NS
Large,UDAICEMENT.NS
Large,UFLEX.NS
Large,UFO.NS
Large,UGARSUGAR.NS
Large,UGROCAP.NS
Large,UJAAS.NS
Large,UJJIVAN.NS
Large,UJJIVANSFB.NS
Large,ULTRACEMCO.NS
Large,UMAEXPORTS.NS
Large,UMANGDAIRY.NS
Large,UMESLTD.NS
Large,UNICHEMLAB.NS
Large,UNIDT.NS
Large,UNIENTER.NS
Large,UNIINFO.NS
Large,UNIONBANK.NS
Large,UNIPARTS.NS
Large,UNITECH.NS
Large,UNITEDPOLY.NS
Large,UNITEDTEA.NS
Large,UNIVASTU.NS
Large,UNIVCABLES.NS
Large,UNIVPHOTO.NS
Large,UNOMINDA.NS
Large,UPL.NS
Large,URJA.NS
Large,USHAMART.NS
Large,USK.NS
Large,UTIAMC.NS
Large,UTTAMSUGAR.NS
Large,V2RETAIL.NS
Large,VADILALIND.NS
Large,VAIBHAVGBL.NS
Large,VAISHALI.NS
Large,VAKRANGEE.NS
Large,VALIANTORG.NS
Large,VARDHACRLC.NS
Large,VARDMNPOLY.NS
Large,VARROC.NS
Large,VASCONEQ.NS
Large,VASWANI.NS
Large,VBL.NS
Large,VCL.NS
Large,VEDL.NS
Large,VENKEYS.NS
Large,VENUSPIPES.NS
Large,VENUSREM.NS
Large,VERANDA.NS
Large,VERTOZ.NS
Large,VESUVIUS.NS
Large,VETO.NS
Large,VGUARD.NS
Large,VHL.NS
Large,VIDHIING.NS
Large,VIJAYA.NS
Large,VIJIFIN.NS
Large,VIKASECO.NS
Large,VIKASLIFE.NS
Large,VIMTALABS.NS
Large,VINATIORGA.NS
Large,VINDHYATEL.NS
Large,VINEETLAB.NS
Large,VINNY.NS
Large,VINYLINDIA.NS
Large,VIPCLOTHNG.NS
Large,VIPIND.NS
Large,VIPULLTD.NS
Large,VIRINCHI.NS
Large,VISAKAIND.NS
Large,VISASTEEL.NS
Large,VISESHINFO.NS
Large,VISHAL.NS
Large,VISHNU.NS
Large,VISHWARAJ.NS
Large,VIVIDHA.NS
Large,VLSFINANCE.NS
Large,VMART.NS
Large,VOLTAMP.NS
Large,VOLTAS.NS
Large,VRLLOG.NS
Large,VSSL.NS
Large,VSTIND.NS
Large,VSTTILLERS.NS
Large,VTL.NS
Large,WABAG.NS
Large,WALCHANNAG.NS
Large,WANBURY.NS
Large,WATERBASE.NS
Large,WEALTH.NS
Large,WEBELSOLAR.NS
Large,WEIZMANIND.NS
Large,WEL.NS
Large,WELCORP.NS
Large,WELENT.NS
Large,WELINV.NS
Large,WELSPUNIND.NS
Large,WENDT.NS
Large,WESTLIFE.NS
Large,WEWIN.NS
Large,WHEELS.NS
Large,WHIRLPOOL.NS
Large,WILLAMAGOR.NS
Large,WINDLAS.NS
Large,WINDMACHIN.NS
Large,WIPL.NS
Large,WIPRO.NS
Large,WOCKPHARMA.NS
Large,WONDERLA.NS
Large,WORTH.NS
Large,WSTCSTPAPR.NS
Large,XCHANGING.NS
Large,XELPMOC.NS
Large,XPROINDIA.NS
Large,YAARI.NS
Large,YESBANK.NS
Large,YUKEN.NS
Large,ZEEL.NS
Large,ZEEMEDIA.NS
Large,ZENITHEXPO.NS
Large,ZENITHSTL.NS
Large,ZENSARTECH.NS
Large,ZENTEC.NS
Large,ZFCVINDIA.NS
Large,ZIMLAB.NS
Large,ZODIAC.NS
Large,ZODIACLOTH.NS
Large,ZOMATO.NS
Large,ZOTA.NS
Large,ZUARI.NS
Large,ZUARIIND.NS
Large,ZYDUSLIFE.NS
Large,ZYDUSWELL.NS
SME,URBAN.NS
SME,SPECTSTM.NS
SME,KDL.NS
SME,SAHANA.NS
SME,INFOLLION.NS
SME,PROV.NS
SME,CRAYONS.NS
SME,DENTALKART.NS
SME,REMUS.NS
SME,KRISHCA.NS
SME,AUROIMPEX.NS
SME,DENEERS.NS
SME,QUICKTOUCH.NS
SME,AGUL.NS
SME,PATTECH.NS
SME,MOS.NS
SME,INFINIUM.NS
SME,SOTAC.NS
SME,NIRMAN.NS
SME,QFIL.NS
SME,VELS.NS
SME,MCON.NS
SME,VERTEXPLUS.NS
SME,SYSTANGO.NS
SME,SRIVASAVI.NS
SME,VIAZ.NS
SME,AGARWALFT.NS
SME,LRRPL.NS
SME,SHERA.NS
SME,GRCL.NS
SME,ARISTO.NS
SME,DUCOL.NS
SME,CMNL.NS
SME,ANLON.NS
SME,RBMINFRA.NS
SME,HOMESFY.NS
SME,MOXSH.NS
SME,UMA.NS
SME,ARIHANTACA.NS
SME,DOLLEX.NS
SME,ALLETEC.NS
SME,ARHAM.NS
SME,PRITIKA.NS
SME,BAHETI.NS
SME,AMIABLE.NS
SME,VITAL.NS
SME,RITEZONE.NS
SME,IPSL.NS
SME,PHANTOMFX.NS
SME,FROG.NS
SME,SWASTIK.NS
SME,LLOYDS.NS
SME,QMSMEDI.NS
SME,CMRSL.NS
SME,KANDARP.NS
SME,MAKS.NS
SME,ANNAPURNA.NS
SME,CLOUD.NS
SME,ISHAN.NS
SME,TAPIFRUIT.NS
SME,SABAR.NS
SME,MEGAFLEX.NS
SME,VIVIANA.NS
SME,KORE.NS
SME,JFLLIFE.NS
SME,AMEYA.NS
SME,VEEKAYEM.NS
SME,USASEEDS.NS
SME,AGNI.NS
SME,SKP.NS
SME,MWL.NS
SME,KCK.NS
SME,FIDEL.NS
SME,RILINFRA.NS
SME,GSTL.NS
SME,SONUINFRA.NS
SME,LEMERITE.NS
SME,JSLL.NS
SME,KRISHNADEF.NS
SME,PROPEQUITY.NS
SME,KRISHIVAL.NS
SME,SWARAJ.NS
SME,KNAGRI.NS
SME,COOLCAPS.NS
SME,SPRL.NS
SME,SHIGAN.NS
SME,MADHAVBAUG.NS
SME,RICHA.NS
SME,PRECISION.NS
SME,TIMESCAN.NS
SME,ABCOTS.NS
SME,VIVO.NS
SME,FOCE.NS
SME,EUROBOND.NS
SME,NIDAN.NS
SME,KOTYARK.NS
SME,DKEGL.NS
SME,DYNAMIC.NS
SME,DESTINY.NS
SME,BMETRICS.NS
SME,JAINAM.NS
SME,QUADPRO.NS
SME,BEWLTD.NS
SME,DUGLOBAL.NS
SME,NPST.NS
SME,REXPIPES.NS
SME,WALPAR.NS
SME,AILIMITED.NS
SME,VMARCIND.NS
SME,SIDDHIKA.NS
SME,PARTYCRUS.NS
SME,LGHL.NS
SME,ASCOM.NS
SME,SONAHISONA.NS
SME,SHIVAUM.NS
SME,SECL.NS
SME,ABINFRA.NS
SME,KHFM.NS
SME,MINDPOOL.NS
SME,SURANI.NS
SME,DRSDILIP.NS
SME,SHUBHLAXMI.NS
SME,UWCSL.NS
SME,PARIN.NS
SME,SPECTRUM.NS
SME,UCL.NS
SME,AMBANIORG.NS
SME,JAKHARIA.NS
SME,BRIGHT.NS
SME,MAHICKRA.NS
SME,PENTAGOLD.NS
SME,VERA.NS
SME,SSINFRA.NS
SME,CONTI.NS
SME,GIRIRAJ.NS
SME,URAVI.NS
SME,MDL.NS
SME,TARACHAND.NS
SME,MHHL.NS
SME,VASA.NS
SME,SOLEX.NS
SME,SKSTEXTILE.NS
SME,SMVD.NS
SME,INNOVANA.NS
SME,FELIX.NS
SME,PULZ.NS
SME,AISL.NS
SME,MILTON.NS
SME,OMFURN.NS
SME,BETA.NS
SME,RELIABLE.NS
SME,GOLDSTAR.NS
SME,INNOVATIVE.NS
SME,TIRUPATI.NS
SME,CADSYS.NS
SME,RMDRIP.NS
SME,MPTODAY.NS
SME,MANAV.NS
SME,PASHUPATI.NS
SME,TRANSWIND.NS
SME,ACCORD.NS
SME,SRIRAM.NS
SME,VSCL.NS
SME,JALAN.NS
SME,ASLIND.NS
SME,PROLIFE.NS
SME,GICL.NS
SME,DRL.NS
SME,AURDIS.NS
SME,GRETEX.NS
SME,JETKNIT.NS
SME,AVSL.NS
SME,KKVAPOW.NS
SME,PERFECT.NS
SME,AHIMSA.NS
SME,SHAIVAL.NS
SME,EMKAYTOOLS.NS
SME,THEJO.NS
